,stock,from,to
2016-10-24 14:59:46,SZ300423,1.40931712,0.0
2016-10-24 14:18:43,SZ300030,0.0,2.2183
2016-10-21 14:02:36,SZ300423,0.0,1.317
2016-10-21 11:06:48,SZ000151,2.45032235,0.0
2016-10-20 14:02:01,SZ000151,0.0,2.4503
2016-10-19 13:53:34,SH601398,0.0,0.0875
2016-10-19 10:04:19,SZ002622,1.72181463,0.0
2016-10-18 14:48:51,SZ002073,0.0,1.7464
2016-10-14 13:36:04,SZ002622,0.0,1.7524
2016-10-13 10:14:30,SZ000570,1.83066647,0.0
2016-10-13 09:55:07,SZ000613,1.49259828,0.0
2016-10-11 14:58:14,SZ000613,0.0,1.4926
2016-10-11 14:40:52,SZ000570,0.0,1.8421
2016-10-11 10:45:43,SZ000166,0.79411009,0.0877
2016-10-10 14:59:02,SZ300107,0.0902922,0.0
2016-10-10 10:56:03,SZ000166,0.0,0.7867
2016-10-10 10:11:57,SZ002494,0.0,1.4755
2016-09-30 10:30:19,SZ002545,1.71593246,0.0
2016-09-29 14:28:04,SZ002545,0.0,1.7159
2016-09-28 14:35:35,SZ300492,0.0,1.5413
2016-09-27 11:17:36,SZ300107,1.6793873,0.0856
2016-09-26 14:29:08,SH600986,2.03444049,0.0
2016-09-22 14:58:24,SZ300107,0.0,1.7432
2016-09-22 10:02:31,SH600383,2.15012344,0.0
2016-09-20 10:35:15,SZ002797,1.10795955,0.0
2016-09-19 14:28:32,SH600986,0.0,1.9674
2016-09-19 10:43:56,SH600289,1.73488761,0.0
2016-09-19 09:51:58,SZ002797,0.0,1.1128
2016-09-14 09:57:23,SH600289,0.0,1.7067
2016-09-13 14:59:34,SH601601,1.71676773,0.0
2016-09-13 11:02:20,SZ000751,0.08140968,0.0
2016-09-12 14:12:01,SH601601,0.0,1.706
2016-09-12 13:30:30,SH600383,0.0,2.1359
2016-09-09 14:33:17,SZ300208,0.0,1.4594
2016-09-09 10:36:22,SZ000751,1.53774254,0.0859
2016-09-08 10:25:27,SZ002749,1.77953566,0.0
2016-09-07 14:56:55,SZ002652,1.29265357,0.0
2016-09-07 10:14:13,SZ300002,0.94932211,0.0
2016-09-06 14:01:04,SZ300002,0.0,0.9493
2016-09-06 13:38:54,SZ000751,0.0,1.5483
2016-09-05 14:49:02,SZ002749,0.0,1.6973
2016-09-05 11:14:31,SH603108,1.02491033,0.0
2016-09-05 11:01:11,SZ300110,1.26474816,0.0
2016-09-02 14:11:04,SZ300110,0.0,1.2647
2016-08-31 13:50:33,SZ000935,1.10878085,0.0
2016-08-30 11:22:49,SZ000935,0.0,1.1088
2016-08-29 14:37:37,SZ002652,0.0,1.7872
2016-08-29 13:48:51,SH600804,1.54360033,0.0
2016-08-26 14:25:23,SH603108,0.0,1.529
2016-08-26 13:49:55,SZ300523,1.24121117,0.0
2016-08-26 11:01:38,SZ300002,1.34467355,0.0
2016-08-25 13:48:01,SH600804,0.0,1.5128
2016-08-25 10:16:09,SZ300523,0.0,1.2574
2016-08-23 13:51:14,SZ002073,1.51438283,0.0
2016-08-22 10:49:21,SZ002073,0.0,1.5144
2016-08-19 11:10:08,SZ002142,1.34610968,0.0841
2016-08-19 10:36:51,SZ002142,2.11570312,1.3461
2016-08-19 10:11:01,SH600569,2.49895281,0.0
2016-08-18 10:40:46,SH600853,1.35993753,0.0
2016-08-17 13:54:32,SH600219,1.18015911,2.4074
2016-08-17 13:52:32,SH600219,0.0,1.1802
2016-08-17 13:24:46,SH600853,0.0,1.3501
2016-08-16 14:40:25,SZ002142,1.85249155,2.1001
2016-08-16 13:22:23,SZ002142,1.26618266,1.8525
2016-08-16 13:19:32,SH600569,0.0,2.5253
2016-08-16 13:16:03,SZ002142,0.0,1.2616
2016-08-15 14:47:03,SZ000728,0.98531124,0.0
2016-08-15 14:46:44,SZ000001,2.92719752,0.0
2016-08-15 11:28:13,SH600853,0.80795113,0.0
2016-08-15 10:00:24,SZ000333,0.82338201,0.0
2016-08-12 14:53:29,SH600284,0.78386855,0.0
2016-08-12 14:11:15,SZ000333,0.0,0.8151
2016-08-12 13:56:05,SZ000728,0.0,0.8946
2016-08-12 10:52:42,SZ000002,0.72948744,0.0
2016-08-12 10:50:02,SZ000002,1.37972674,0.7295
2016-08-12 10:49:29,SZ000002,2.49716881,1.3797
2016-08-11 10:22:57,SZ000657,0.0,1.1689
2016-08-11 09:34:51,SZ000002,0.0,2.4735
2016-08-10 09:59:27,SH600284,2.17041103,0.7993
2016-08-09 14:26:40,SZ002621,1.08825585,0.0
2016-08-09 10:45:12,SH600853,0.0,0.7976
2016-08-09 10:44:23,SH600284,0.0,2.1533
2016-08-05 13:18:07,SZ000002,0.63136748,0.0
2016-08-04 14:10:06,SZ000002,1.02272425,0.6314
2016-08-04 14:01:35,SZ000002,1.49073096,1.0227
2016-08-04 13:32:03,SZ002621,2.18026903,1.1024
2016-08-04 13:29:23,SZ000002,2.83257239,1.4979
2016-08-03 14:27:12,SZ002621,0.0,2.1932
2016-08-02 14:56:30,SZ000002,5.01266489,2.796
2016-08-02 14:30:35,SZ000001,0.0,2.7647
2016-08-02 10:51:34,SZ000002,3.82249463,4.9248
2016-07-29 14:15:20,SZ000002,3.0062334,3.8225
2016-07-29 09:30:57,SZ000002,3.03863182,3.0062
2016-07-28 14:12:44,SZ000002,2.27318849,3.0386
2016-07-27 10:33:26,SH600787,1.48965409,0.0
2016-07-25 14:05:07,SZ000002,0.0,2.2822
2016-07-21 09:56:36,SH600873,2.29812186,0.0
2016-07-20 14:51:45,SH601939,0.0,3.8026
2016-07-15 14:36:33,SZ000683,0.0,1.5588
2016-07-15 14:01:19,SH600873,0.0,2.3048
2016-07-15 11:10:18,SH601555,0.77205371,0.0
2016-07-15 10:24:41,SZ300471,2.35944817,1.5403
2016-07-15 10:19:55,SH601555,1.53694735,0.7721
2016-07-14 13:49:11,SH601555,0.0,1.5369
2016-07-13 14:36:18,SZ300471,0.0,2.2976
2016-07-13 10:36:02,SH601939,1.14957576,0.0
2016-07-13 10:34:06,SH601939,2.30207145,1.1496
2016-07-13 10:23:43,SH601939,3.91711176,2.3021
2016-07-13 10:06:12,SZ002673,1.16982412,0.0
2016-07-13 09:49:32,SH600795,0.0,1.5444
2016-07-13 09:38:33,SZ300156,1.12809018,0.0
2016-07-13 09:30:52,SZ002303,1.47869055,1.485
2016-07-12 13:43:32,SZ300156,0.0,1.0961
2016-07-11 13:27:30,SH601939,2.6310192,3.7236
2016-07-11 13:21:22,SZ002673,0.0,1.1169
2016-07-11 09:48:07,SZ002112,1.92102958,0.0
2016-07-07 14:02:57,SH601939,0.0,2.6255
2016-07-04 11:16:10,SZ002303,0.0,1.4938
2016-07-04 11:04:48,SH601688,0.37803486,0.0
2016-07-04 10:23:31,SZ002112,0.0,1.8532
2016-07-01 14:51:26,SH601688,1.54064926,0.3703
2016-07-01 13:32:18,SZ002727,1.85067059,0.0
2016-07-01 10:53:37,SZ300122,1.88424964,0.0
2016-06-30 14:58:52,SZ300252,1.03577269,0.0
2016-06-30 14:05:31,SZ002727,0.0,1.8626
2016-06-30 13:27:19,SH601688,0.0,1.5635
2016-06-29 14:59:50,SZ300122,0.0,1.8708
2016-06-29 10:23:07,SZ300077,2.25359583,0.0
2016-06-28 14:56:06,SZ300077,3.09951365,2.2536
2016-06-28 13:26:52,SZ300077,2.29454123,3.0995
2016-06-27 14:47:25,SZ000585,1.76317498,0.0
2016-06-27 14:29:07,SZ300252,0.0,1.0601
2016-06-27 13:23:04,SZ300077,1.88050821,2.2593
2016-06-27 13:22:45,SZ300077,0.0,1.8805
2016-06-27 11:10:52,SZ000404,0.59407814,0.0
2016-06-24 14:19:46,SZ300117,0.0695592,0.0
2016-06-24 14:17:23,SZ000404,1.91673051,0.8939
2016-06-24 13:23:08,SZ000404,1.35838749,1.9167
2016-06-24 11:24:50,SZ000585,0.0,1.6973
2016-06-23 10:55:38,SH600570,1.40866932,0.0
2016-06-23 09:35:53,SZ000957,1.04353816,0.0
2016-06-22 14:57:14,SH600563,1.39335234,0.0
2016-06-22 11:00:06,SH600570,0.0,1.3887
2016-06-22 10:19:58,SZ000957,0.0,1.0236
2016-06-21 14:51:25,SH600563,0.0,1.3869
2016-06-21 10:11:43,SZ300117,1.4306303,0.073
2016-06-21 09:41:51,SZ002398,1.5237249,0.0
2016-06-21 09:40:54,SZ002068,1.77743811,0.0
2016-06-20 14:15:08,SZ300117,0.0,1.3761
2016-06-20 11:25:56,SZ300363,1.09834753,0.0
2016-06-17 14:40:19,SZ002068,0.0,1.8194
2016-06-17 14:37:06,SZ300363,0.0,1.0907
2016-06-17 10:46:09,SZ002526,1.09285333,0.0
2016-06-17 10:25:30,SZ002526,1.69761186,1.0929
2016-06-17 09:52:22,SZ000555,1.04822818,0.0
2016-06-16 13:44:55,SZ002797,0.71691817,0.0
2016-06-15 14:54:29,SZ002398,0.0,1.5367
2016-06-15 14:54:14,SZ300273,1.68769665,0.0
2016-06-15 13:34:36,SZ002526,0.0,1.6893
2016-06-15 13:25:03,SZ000555,0.0,1.0224
2016-06-15 13:10:52,SZ300337,1.57263881,0.0
2016-06-15 11:19:51,SZ300273,2.03520009,1.6847
2016-06-15 11:19:02,SZ002239,1.33477997,0.0
2016-06-15 10:16:41,SZ002797,0.0,0.7167
2016-06-14 14:06:33,SZ300337,0.0,1.4616
2016-06-13 14:57:43,SZ002138,0.07446061,0.0
2016-06-06 14:35:21,SZ002239,0.0,1.2759
2016-06-06 14:22:08,SZ300273,0.0,1.979
2016-06-03 14:40:19,SZ002281,0.0,0.9909
2016-06-02 10:57:26,SH600696,0.99117837,0.0
2016-06-01 14:56:33,SH600696,2.04570316,0.9912
2016-05-31 14:44:23,SH600696,1.83367425,2.0457
2016-05-31 14:42:06,SH600696,1.55104598,1.8337
2016-05-31 14:40:14,SH600696,0.0,1.551
2016-05-31 09:59:37,SZ002138,1.25806324,0.0705
2016-05-30 14:47:23,SH600056,0.77576249,0.0
2016-05-30 14:22:26,SZ002138,0.0,1.2664
2016-05-30 13:22:09,SH600056,1.40459351,0.7737
2016-05-30 09:30:52,SH600056,1.41095874,1.4046
2016-05-27 14:28:48,SH600056,0.0,1.411
2016-05-27 13:49:31,SZ300011,0.0,1.1272
2016-05-27 11:28:39,SH600172,0.56272834,0.0
2016-05-26 14:20:52,SH600172,0.0,0.5627
2016-05-26 09:59:51,SZ002217,0.69690759,0.0703
2016-05-26 09:30:15,SH600172,0.07085377,0.0
2016-05-25 14:49:55,SZ002217,0.0,0.7054
2016-05-25 13:45:22,SH600172,0.9884452,0.0705
2016-05-25 11:16:57,SH600172,1.42884691,0.9884
2016-05-25 09:47:31,SZ300051,0.7660432,0.0
2016-05-24 14:26:51,SH600172,0.0,1.3956
2016-05-24 13:55:48,SZ300051,1.33169861,0.7678
2016-05-24 13:48:07,SH600016,1.08980308,0.0
2016-05-24 10:46:42,SZ002460,0.77640494,0.0
2016-05-23 14:30:20,SZ002460,0.0,0.7764
2016-05-23 14:13:41,SZ300051,0.0,1.3347
2016-05-23 11:07:48,SZ300084,0.80054319,0.0
2016-05-23 10:15:52,SH601198,0.0,0.7053
2016-05-20 14:38:25,SZ300084,0.0,0.7728
2016-05-20 10:54:28,SH600007,0.36564164,0.0
2016-05-20 09:30:24,SZ002590,1.05040062,0.0
2016-05-19 14:50:26,SH600016,1.73797955,1.1287
2016-05-19 14:03:22,SZ002048,0.06541825,0.0
2016-05-19 13:54:34,SH600007,1.05743132,0.3717
2016-05-19 10:30:45,SZ002590,0.0,1.0504
2016-05-19 09:37:40,SH600007,0.68825833,1.0471
2016-05-18 14:24:04,SH600016,0.0,1.7361
2016-05-18 13:56:37,SH600007,0.0,0.6955
2016-05-18 09:40:12,SZ300294,0.0,1.1856
2016-05-17 14:37:49,SZ002048,1.60717154,0.0698
2016-05-17 14:22:38,SH600073,1.32015535,0.0
2016-05-17 10:53:17,SZ002386,0.56225113,0.0
2016-05-17 10:01:14,SZ002386,1.05973333,0.5623
2016-05-17 09:30:05,SZ002386,1.88490168,1.0597
2016-05-16 14:36:24,SZ002048,0.0,1.6317
2016-05-16 13:55:48,SH600073,0.0,1.277
2016-05-16 13:16:11,SZ002577,1.069158,0.0
2016-05-13 14:56:25,SH601601,1.14514568,0.0
2016-05-13 14:55:24,SZ000061,0.0,0.7076
2016-05-13 14:37:43,SZ002577,0.0,1.06
2016-05-13 13:08:00,SZ000715,0.49515742,0.0
2016-05-13 10:30:11,SZ000715,0.98347749,0.4952
2016-05-12 14:32:09,SZ000715,0.0,0.9835
2016-05-12 09:56:20,SH601601,0.0,1.1206
2016-05-10 14:36:06,SZ002596,0.70037337,0.0
2016-05-09 14:51:08,SZ002596,0.0,0.7004
2016-05-09 13:14:04,SH601601,1.95337771,0.0
2016-05-09 10:26:42,SZ000715,0.73243049,0.0
2016-05-06 14:55:34,SZ000715,2.01136167,0.7324
2016-05-06 11:11:15,SZ000715,1.26901024,2.0114
2016-05-06 11:04:19,SH601601,0.0,1.5165
2016-05-06 09:57:09,SZ300054,0.9316886,0.0
2016-05-05 11:12:27,SH600189,1.91628425,0.0
2016-05-04 13:28:10,SZ300054,0.0,0.9477
2016-05-04 10:15:40,SZ002341,1.22949745,0.0
2016-05-03 14:58:37,SH600189,1.45999946,1.9642
2016-05-03 14:36:20,SZ300069,1.09379149,0.0
2016-05-03 14:25:57,SH600189,0.0,1.4517
2016-05-03 13:27:18,SZ002341,0.0,1.2233
2016-05-03 11:03:01,SZ002059,0.67088682,0.0
2016-05-03 10:51:05,SZ300356,1.20347788,0.0
2016-05-03 10:17:20,SZ300200,0.99509436,0.0
2016-05-03 10:01:59,SZ000715,0.0,1.1972
2016-04-29 14:28:44,SZ300200,0.0,0.9848
2016-04-29 14:14:18,SZ300069,0.0,1.0538
2016-04-29 13:25:43,SZ002539,1.45860903,0.0
2016-04-29 10:08:06,SZ300356,0.0,1.1963
2016-04-29 09:57:02,SZ300307,1.05032144,0.0
2016-04-29 09:56:47,SZ002553,1.07746741,0.0
2016-04-29 09:31:19,SZ002539,1.38759755,1.4074
2016-04-28 14:51:45,SZ002539,1.05090206,1.3876
2016-04-28 14:23:42,SZ300307,0.0,1.0405
2016-04-28 14:20:28,SZ002553,0.69125095,1.0369
2016-04-28 14:12:35,SZ002539,0.0,1.0346
2016-04-28 14:03:59,SZ002553,0.0,0.6896
2016-04-28 09:49:10,SZ002059,0.0,0.6912
2016-04-27 14:06:03,SZ002539,1.04365546,0.0
2016-04-27 10:50:46,SZ300307,1.31653075,0.0
2016-04-27 09:43:59,SH600800,1.02199238,0.0
2016-04-26 14:10:53,SH600800,0.0,1.022
2016-04-26 13:35:47,SZ300307,0.0,1.2916
2016-04-26 10:31:28,SZ002526,1.06306581,0.0
2016-04-26 10:30:53,SH600967,1.02553624,0.0
2016-04-26 10:26:52,SH600837,0.59892935,0.0
2016-04-26 10:10:43,SZ300090,1.04749142,0.0
2016-04-26 10:04:49,SH601166,0.66326012,0.0
2016-04-25 14:53:31,SZ002301,0.53077317,0.0
2016-04-25 14:08:16,SH600837,0.0,0.6036
2016-04-25 11:05:53,SH600967,0.0,1.008
2016-04-25 10:48:00,SZ002526,0.0,1.0096
2016-04-25 10:18:34,SZ002495,1.4716227,0.0
2016-04-22 10:12:14,SZ002495,1.12701878,1.4716
2016-04-22 10:03:52,SH601166,0.0,0.667
2016-04-22 09:40:15,SZ002495,0.0,1.1372
2016-04-21 14:53:33,SH601601,0.94956687,0.0
2016-04-21 13:39:52,SZ002301,1.29770537,0.5381
2016-04-21 09:45:06,SZ300090,0.0,1.0748
2016-04-20 14:59:33,SH600016,0.55038437,0.0
2016-04-20 14:56:28,SH600526,0.5126371,0.0
2016-04-20 13:56:44,SH601601,0.0,0.9177
2016-04-20 13:11:32,SZ000721,0.0,1.4648
2016-04-20 10:39:22,SZ002526,0.54505226,0.0
2016-04-19 14:56:21,SZ002526,1.16657158,0.5451
2016-04-19 14:41:51,SZ300059,0.50656241,0.0
2016-04-19 13:38:24,SH600526,0.0,0.5455
2016-04-19 10:23:54,SZ002526,0.65645305,1.1484
2016-04-19 10:17:36,SZ002301,0.0,1.4193
2016-04-18 14:54:39,SZ002526,1.66822477,0.6495
2016-04-18 10:01:13,SH600016,0.73848611,1.1349
2016-04-18 09:51:30,SZ002526,1.05301197,1.672
2016-04-18 09:31:27,SZ300059,0.54129999,0.5178
2016-04-14 14:56:29,SZ000970,1.31123958,0.0
2016-04-14 14:37:17,SZ002526,0.0,1.0764
2016-04-14 13:48:27,SZ002386,0.0,1.8752
2016-04-14 10:59:11,SZ300059,1.01622188,1.5476
2016-04-13 13:17:26,SZ300059,0.0,1.0162
2016-04-13 13:11:32,SZ000970,0.0,1.3555
2016-04-13 11:25:59,SZ002474,1.97924769,0.0
2016-04-13 11:13:32,SZ002526,1.459071,0.0
2016-04-12 13:38:18,SZ002526,0.99538775,1.4591
2016-04-12 13:17:40,SZ002526,0.0,0.9954
2016-04-12 10:02:28,SZ002331,0.0,0.6667
2016-04-11 14:54:06,SZ002474,1.67153461,1.939
2016-04-11 14:43:08,SZ002474,0.0,1.6715
2016-04-11 13:40:52,SZ002568,0.66990146,0.3346
2016-04-11 11:28:19,SZ002568,1.23963805,0.6699
2016-04-11 10:57:09,SH601555,0.0,0.6711
2016-04-11 09:55:54,SH601628,1.48669779,0.0
2016-04-11 09:47:39,SZ300010,1.87429716,0.0
2016-04-08 13:25:42,SZ300010,1.41738018,1.8743
2016-04-08 13:20:30,SZ300010,0.0,1.4174
2016-04-07 13:48:32,SZ002568,0.0,1.2475
2016-04-07 10:31:11,SZ300047,1.1368009,0.0
2016-04-05 13:29:03,SZ300047,0.0,1.1368
2016-04-05 13:19:52,SZ000750,0.0,1.0024
2016-04-01 14:49:31,SZ002526,1.64412151,0.0
2016-04-01 13:45:48,SH600016,0.0,0.7345
2016-04-01 13:42:13,SH601628,0.99959261,1.5353
2016-04-01 13:37:58,SH601628,0.0,0.9996
2016-04-01 10:36:28,SH600678,0.66562189,0.0
2016-04-01 09:33:29,SH600821,1.21438245,0.0
2016-03-31 14:32:54,SZ002526,1.33391568,1.6703
2016-03-31 14:16:57,SZ002526,0.0,1.3339
2016-03-31 10:51:04,SZ300113,0.87927513,0.0
2016-03-31 10:33:51,SH600678,0.0,0.6715
2016-03-31 09:50:12,SZ000776,1.20294999,0.0
2016-03-31 09:40:49,SZ300383,1.01607588,0.0
2016-03-30 14:26:54,SZ300113,0.0,0.8637
2016-03-30 14:22:40,SZ000776,0.0,1.1951
2016-03-30 13:33:53,SZ300383,0.0,0.9929
2016-03-30 13:30:10,SH600821,0.59476761,1.1913
2016-03-30 10:12:38,SH600821,1.12649726,0.5948
2016-03-30 10:04:54,SH601211,0.06604383,0.0
2016-03-30 10:02:40,SZ000584,1.83079083,0.8604
2016-03-29 14:36:40,SZ000584,2.51496427,1.8308
2016-03-29 13:58:00,SH600821,0.65047137,1.1209
2016-03-29 13:51:48,SZ000584,1.68459298,2.4956
2016-03-29 10:12:07,SZ000831,0.0,0.7221
2016-03-28 14:21:12,SZ000584,0.0,1.6282
2016-03-25 10:33:30,SH601211,0.7171725,0.0651
2016-03-24 11:07:23,SH601211,1.03307541,0.7172
2016-03-24 11:04:49,SZ002587,0.64315353,0.0
2016-03-24 10:40:12,SH601985,1.01670376,0.0
2016-03-24 09:59:36,SZ300052,0.64250339,0.0
2016-03-23 14:48:04,SZ002587,0.0,0.6579
2016-03-23 13:23:34,SZ000970,1.03102338,1.1762
2016-03-22 13:58:00,SH601985,0.0,0.9964
2016-03-22 10:58:15,SZ300052,0.0,0.6619
2016-03-22 10:55:35,SH601211,1.57364119,1.0602
2016-03-21 14:55:31,SZ300168,0.06671385,0.4682
2016-03-21 14:54:50,SZ000970,0.0,1.0033
2016-03-21 10:37:04,SH600109,0.0,0.8018
2016-03-21 09:55:49,SH601211,0.0,1.5263
2016-03-21 09:40:06,SZ300168,0.57390115,0.0664
2016-03-21 09:34:25,SZ300418,1.00966577,0.0
2016-03-21 09:31:14,SZ002673,1.26383725,0.0
2016-03-21 09:31:01,SZ002673,1.69379679,1.2638
2016-03-18 13:33:18,SZ300100,0.89687951,0.0
2016-03-18 13:27:07,SZ300100,1.73918371,0.8969
2016-03-18 11:19:05,SZ300418,0.0,0.9525
2016-03-18 11:11:46,SZ300168,0.0,0.5692
2016-03-18 10:49:28,SZ002673,0.0,1.6393
2016-03-18 09:38:45,SZ002074,1.35853568,0.0
2016-03-17 14:30:45,SH600016,0.60320577,0.0
2016-03-17 14:29:35,SH600563,1.6299099,0.0
2016-03-17 13:52:09,SZ300100,0.0,1.6136
2016-03-17 13:49:10,SZ002074,0.0,1.3604
2016-03-17 10:26:35,SH600016,1.33057194,0.6117
2016-03-17 10:24:10,SZ002563,0.59772918,0.0
2016-03-17 09:30:43,SH600016,2.20287949,1.342
2016-03-16 14:41:04,SH600563,0.0,1.5246
2016-03-16 10:45:38,SH600016,1.51994647,2.1912
2016-03-16 10:38:14,SH600016,0.0,1.5199
2016-03-16 10:24:03,SZ002563,1.47342726,0.6088
2016-03-15 14:12:03,SZ002563,0.0,1.4734
2016-03-15 11:10:13,SZ300418,1.16694845,0.0614
2016-03-15 10:36:54,SZ300418,1.95699442,1.1669
2016-03-15 10:15:12,SZ300101,1.0991761,0.0
2016-03-14 14:54:37,SZ300101,0.0,1.0992
2016-03-14 13:54:35,SZ002299,0.73317848,0.0
2016-03-14 13:53:38,SZ000987,1.55999994,0.0
2016-03-14 13:39:31,SZ002299,1.4090072,0.7402
2016-03-14 13:34:36,SZ300418,1.5217574,2.0315
2016-03-14 11:17:51,SZ300037,1.63028981,0.0
2016-03-14 10:08:55,SZ300418,0.0,1.5202
2016-03-11 14:59:53,SH600016,1.50327835,0.0
2016-03-11 14:43:04,SZ000987,0.0,1.4868
2016-03-11 10:51:33,SZ300037,0.0,1.4763
2016-03-10 14:50:35,SZ002299,0.0,1.4189
2016-03-10 14:47:59,SH601169,1.41200273,0.0
2016-03-10 14:44:43,SH600048,1.72511168,0.0
2016-03-09 14:38:13,SH600016,0.0,1.495
2016-03-09 14:31:19,SH601169,0.0,1.4357
2016-03-09 14:14:04,SH600216,0.41875105,0.0
2016-03-09 13:58:05,SH600216,1.11468616,0.4188
2016-03-09 13:55:57,SZ002222,1.60781391,0.0
2016-03-09 13:20:35,SH600048,0.0,1.7464
2016-03-09 10:35:45,SZ300168,0.05540776,0.0
2016-03-09 10:20:45,SZ300315,1.03575925,0.5476
2016-03-09 10:14:35,SZ300315,1.44131648,1.0358
2016-03-08 14:59:53,SH601628,0.5151362,0.0
2016-03-08 13:23:11,SZ002222,1.36350903,1.613
2016-03-08 11:28:13,SZ002222,0.0,1.3635
2016-03-08 11:10:40,SZ300315,0.0,1.353
2016-03-07 09:31:14,SH601628,1.31757706,0.5364
2016-03-07 09:30:29,SH601328,2.21291377,1.1911
2016-03-04 14:47:36,SH600216,2.35446136,1.1918
2016-03-04 14:22:05,SH601628,0.0,1.3129
2016-03-04 13:00:30,SH601328,0.0,2.2009
2016-03-04 09:53:04,SH600216,3.68725323,2.3972
2016-03-03 13:54:44,SH600216,2.44079572,3.6873
2016-03-03 13:29:12,SH600216,0.0,2.4408
2016-03-03 10:26:33,SZ300168,1.85972248,0.061
2016-03-03 10:23:01,SZ300079,1.47973944,0.0
2016-03-02 13:41:55,SZ300168,0.05120823,1.7989
2016-03-01 13:57:09,SZ300079,0.0,1.426
2016-03-01 09:30:07,SH600158,1.13547539,0.0
2016-02-29 10:14:03,SH600158,2.03753833,1.1355
2016-02-26 14:10:41,SH600158,0.0,2.0375
2016-02-26 11:11:45,SH600651,1.19703216,0.0
2016-02-24 14:33:42,SH600651,0.0,1.197
2016-02-24 10:09:04,SZ300418,1.57956976,0.0
2016-02-23 13:54:13,SZ300168,0.06222645,0.0632
2016-02-22 14:28:34,SZ300188,0.0,1.9177
2016-02-22 11:18:22,SZ300098,1.78832982,0.0
2016-02-19 14:59:40,SH600798,1.92701186,0.0
2016-02-19 13:34:06,SZ300098,0.0,1.8064
2016-02-18 13:42:55,SH600798,0.0,2.329
2016-02-18 10:25:10,SZ002279,1.33421144,0.0
2016-02-16 14:14:15,SZ300418,0.0,2.2952
2016-02-16 13:53:40,SZ002279,0.0,1.3274
2016-02-16 11:04:59,SZ300315,2.42039876,0.0
2016-02-16 09:53:20,SZ002284,1.92755954,0.0
2016-02-15 13:21:53,SZ002284,1.15236548,1.9276
2016-02-15 10:19:13,SZ300315,0.0,2.3038
2016-02-15 09:41:26,SZ002284,0.0,1.1516
2016-02-05 10:51:39,SZ002284,2.4791465,0.0
2016-02-04 14:01:54,SZ002284,0.0,2.4791
2016-02-04 11:09:11,SZ002673,0.92159996,0.0
2016-02-03 14:47:57,SZ002673,2.04088641,0.9216
2016-02-02 13:09:50,SZ002673,0.0,2.0409
2016-02-02 11:07:25,SZ300168,0.98750603,0.0583
2016-02-02 10:52:18,SZ300168,1.96949266,0.9875
2016-02-02 10:51:58,SZ000810,1.37443859,0.0
2016-02-02 10:26:53,SZ300168,3.8985214,1.9729
2016-02-01 13:48:27,SZ000810,0.0,1.3684
2016-02-01 13:40:40,SZ300168,0.0,3.8573
2016-02-01 10:32:22,SZ300059,2.15812466,0.0
2016-02-01 09:31:03,SZ300113,1.91386837,0.0
2016-01-29 13:31:04,SZ300113,0.0,1.9139
2016-01-28 14:00:56,SZ300059,0.0,2.1039
2016-01-28 13:52:14,SZ002273,1.3002558,0.0
2016-01-28 13:41:14,SZ300059,1.63402277,0.0
2016-01-27 14:25:54,SZ300033,0.0,1.1221
2016-01-27 14:19:04,SZ002273,0.0,1.4082
2016-01-27 13:25:56,SZ300059,0.0,1.6294
2016-01-25 14:02:14,SZ300033,1.78601866,0.0
2016-01-25 13:11:54,SZ002673,1.01992409,0.0
2016-01-25 10:37:07,SZ300059,2.98073067,0.0
2016-01-19 13:26:40,SZ002673,0.0,1.1948
2016-01-18 13:15:35,SZ300033,0.0,1.7296
2016-01-18 10:05:49,SZ300059,0.0,1.9084
2016-01-15 13:26:07,SH600030,3.04403112,0.0
2016-01-14 14:13:01,SH600030,0.0,3.044
2016-01-13 11:00:44,SH600489,2.23204734,0.0609
2016-01-13 11:00:33,SZ300059,3.77562317,0.0
2016-01-12 09:38:16,SZ300059,0.0,3.7756
2016-01-11 14:26:05,SZ002296,0.06186729,0.0
2016-01-11 13:33:09,SH600489,0.0,2.5383
2016-01-11 13:16:08,SZ000897,3.7383935,0.0
2016-01-08 14:19:25,SZ000897,0.0,3.7384
2016-01-08 13:14:29,SZ002296,2.25683881,0.0623
2016-01-08 10:52:42,SH600500,0.06637316,0.0
2016-01-06 14:48:44,SZ000851,0.0,1.7441
2016-01-06 14:21:53,SZ002296,0.0,2.3755
2016-01-06 14:18:05,SZ300301,0.0,2.2836
2016-01-06 14:13:09,SH600500,0.06410596,0.0652
2016-01-06 13:56:21,SZ300301,4.05581967,0.0
2016-01-05 14:47:00,SZ300301,0.0,4.0558
2016-01-05 14:08:32,SZ000516,2.39800215,0.0
2015-12-31 14:50:05,SH600500,0.0,1.6964
2015-12-31 10:10:50,SH601318,1.71475321,0.0
2015-12-30 14:11:36,SH601318,0.0,1.7148
2015-12-30 10:30:38,SH600060,2.07008607,0.0
2015-12-29 14:36:30,SZ000928,0.06300747,0.0
2015-12-29 14:18:09,SH600060,1.65147704,2.0648
2015-12-29 13:57:06,SH600060,0.0,1.6515
2015-12-29 13:28:57,SZ000516,0.0,2.3645
2015-12-29 13:11:48,SH601318,0.99048821,0.0
2015-12-28 14:35:15,SZ002406,0.0,1.6528
2015-12-28 14:19:51,SH601318,0.0,0.9919
2015-12-28 11:07:02,SH600837,1.66168447,0.0
2015-12-25 13:56:20,SH600837,0.0,1.6617
2015-12-25 11:12:06,SZ000928,2.02348937,0.0665
2015-12-25 10:19:36,SH601318,2.16885599,0.0
2015-12-24 14:50:56,SH601318,3.87569931,2.1689
2015-12-24 14:18:24,SH601318,2.47618056,3.8757
2015-12-22 13:42:13,SZ000928,0.0,1.9701
2015-12-21 14:22:18,SH601318,2.10842317,2.5072
2015-12-21 14:16:43,SH601318,0.0,2.1084
2015-12-21 10:04:20,SZ002611,1.51865715,0.0
2015-12-18 14:56:59,SH600080,0.0,1.6563
2015-12-18 11:24:38,SZ002611,0.0,1.5248
2015-12-18 10:18:15,SZ002271,1.6560237,0.0
2015-12-17 14:37:47,SZ002271,0.0,1.656
2015-12-17 09:57:45,SZ002322,0.6616799,0.0
2015-12-16 14:42:10,SZ002322,0.0,0.6617
2015-12-16 09:53:29,SZ300077,0.59654246,0.0662
2015-12-15 13:14:46,SZ300077,1.27493561,0.5965
2015-12-15 10:36:04,SH601211,0.66128734,0.0
2015-12-15 10:22:22,SH601211,0.98417162,0.6613
2015-12-15 10:19:02,SZ002376,1.02144966,0.0
2015-12-15 10:10:46,SH601211,1.65613992,0.9884
2015-12-14 14:33:26,SH601390,0.0,0.976
2015-12-14 14:20:02,SZ002376,0.0,0.9673
2015-12-14 11:04:22,SZ300077,1.57431473,1.1476
2015-12-14 11:03:35,SH601211,2.20824765,1.5962
2015-12-11 13:22:22,SH601211,0.0,2.2082
2015-12-10 13:17:08,SZ300077,1.11510279,1.5758
2015-12-10 10:47:57,SZ000625,2.24759269,0.0
2015-12-09 13:00:13,SZ000625,0.0,2.2476
2015-12-08 13:57:12,SZ300077,1.58603085,1.1275
2015-12-07 14:35:35,SH600712,1.60339505,0.0
2015-12-04 14:59:10,SZ300077,0.92189175,1.5569
2015-12-04 14:20:13,SH600712,0.0,1.5391
2015-12-04 13:59:21,SZ300077,0.55420455,0.9237
2015-12-04 13:48:50,SZ300077,1.48261703,0.5542
2015-12-03 14:54:52,SZ300077,0.0,1.4826
2015-12-03 14:50:07,SH601666,1.79776473,0.0
2015-12-03 13:41:00,SZ300217,1.21949098,0.0
2015-12-03 10:16:09,SZ002176,0.91115164,0.0
2015-12-02 14:40:44,SH601666,0.0,1.7719
2015-12-02 13:53:08,SZ002176,0.0,0.921
2015-12-02 13:41:32,SZ300217,0.725155,1.1555
2015-12-02 10:54:42,SZ300217,0.0,0.7252
2015-12-01 10:36:52,SZ002089,0.72522793,0.0
2015-12-01 10:36:21,SZ002089,1.58846287,0.7252
2015-11-27 13:38:41,SZ002089,0.9208972,1.5885
2015-11-27 09:57:29,SZ002089,0.0,0.9209
2015-11-26 09:46:03,SZ000690,0.79900217,0.0
2015-11-26 09:39:06,SZ000690,1.80803292,0.799
2015-11-25 14:08:18,SZ000690,0.0,1.808
2015-11-25 10:51:12,SZ300077,1.49497161,0.0
2015-11-24 13:32:01,SZ300077,1.31236997,1.495
2015-11-24 13:19:58,SZ300077,0.89429051,1.3124
2015-11-24 13:19:37,SZ300077,0.0,0.8943
2015-11-20 14:54:10,SZ002256,0.8787069,0.0
2015-11-20 10:20:12,SZ300352,0.9309661,0.0
2015-11-20 10:14:35,SZ002474,0.92081748,0.0
2015-11-20 09:50:02,SZ000413,1.15968398,0.0
2015-11-19 13:59:03,SZ002474,0.0,0.87
2015-11-19 13:57:57,SZ000413,0.0,1.1597
2015-11-18 14:41:54,SZ002256,0.0,0.8631
2015-11-18 10:09:51,SZ300352,0.0,0.8617
2015-11-17 10:02:44,SZ300155,0.57456456,0.0
2015-11-17 09:54:46,SZ300155,1.14912354,0.5746
2015-11-17 09:54:34,SZ300155,1.4365946,1.1491
2015-11-17 09:42:43,SZ002181,0.75601849,0.0
2015-11-16 14:26:54,SZ300155,0.0,1.4359
2015-11-16 13:34:21,SZ002181,1.1437774,0.7452
2015-11-16 13:14:43,SZ002181,1.46897832,1.1438
2015-11-13 13:32:21,SZ002181,0.0,1.469
2015-11-13 10:30:54,SH600517,0.565068,0.0
2015-11-13 10:29:56,SH600517,0.79077769,0.5651
2015-11-13 10:28:30,SH600517,1.13376394,0.7908
2015-11-13 10:16:53,SZ001696,0.90701109,0.0
2015-11-13 10:12:36,SZ001696,1.71105412,0.907
2015-11-12 14:36:54,SH600517,0.0,1.4154
2015-11-12 14:30:55,SZ001696,0.0,1.693
2015-11-12 10:27:01,SZ002500,0.61075647,0.0
2015-11-12 10:23:56,SZ000988,1.47727684,0.0
2015-11-11 14:23:08,SH600030,0.0,0.9597
2015-11-11 13:19:24,SZ000988,0.0,1.459
2015-11-11 09:39:15,SZ002555,0.51593113,0.0
2015-11-11 09:34:20,SZ000831,0.836671,0.0
2015-11-11 09:34:06,SZ000831,1.27050199,0.8367
2015-11-10 14:41:40,SZ000831,0.0,1.2705
2015-11-10 13:31:05,SZ002555,1.05073164,0.4962
2015-11-10 13:21:46,SZ002555,1.61251802,1.0507
2015-11-09 14:30:23,SZ002555,0.0,1.6125
2015-11-09 13:32:38,SH601390,1.3457584,0.0
2015-11-09 13:26:39,SZ002500,2.04510469,0.6017
2015-11-09 11:22:08,SZ002500,1.57629541,2.0451
2015-11-09 10:35:43,SZ300219,1.10769909,0.0
2015-11-09 10:33:40,SZ000718,1.5445343,0.0
2015-11-06 14:05:40,SZ300219,0.0,1.1127
2015-11-06 13:50:54,SZ002500,0.0,1.4804
2015-11-06 10:29:22,SZ000718,0.05601727,1.5343
2015-11-05 13:18:55,SH601390,0.0,1.3841
2015-11-05 13:09:42,SH601211,,0.0
2015-11-05 10:52:26,SZ000718,0.83086697,0.0554
2015-11-05 10:45:35,SZ000718,1.52336071,0.8309
2015-11-05 10:07:21,SH601211,1.17969676,0.0
2015-11-05 10:07:08,SZ300004,0.05448876,0.0
2015-11-05 09:51:30,SZ002279,1.0979865,0.0
2015-11-04 14:52:30,SZ000718,0,1.5219
2015-11-04 14:41:50,SZ002325,,0.0
2015-11-04 14:21:12,SZ300053,0,1.6213
2015-11-04 13:54:56,SH601211,0,1.0755
2015-11-04 13:48:03,SZ002279,0,1.0742
2015-11-04 13:19:49,SZ300037,0.79737972,0.0
2015-11-03 10:47:46,SZ300037,0,0.7974
2015-11-02 10:45:11,SZ300004,0.85096886,0.0532
2015-11-02 10:40:50,SZ300004,1.32606579,0.851
2015-10-30 14:26:56,SZ002189,1.34679849,0.7942
2015-10-30 13:41:01,SZ300004,0,1.3196
2015-10-30 13:01:13,SZ000627,1.25840717,0.0
2015-10-29 13:14:04,SZ000627,0,1.2584
2015-10-29 11:26:17,SZ002189,0,1.2507
2015-10-29 11:04:51,SH600807,0.50065196,0.05
2015-10-29 10:45:09,SH600807,0.76630727,0.5007
2015-10-28 14:34:02,SZ300221,0,0.8105
2015-10-28 14:18:54,SH600807,0,0.7586
2015-10-28 11:19:17,SZ300231,0.75968183,0.0506
2015-10-28 11:15:06,SZ300231,1.46609719,0.7597
2015-10-28 10:41:03,SZ300231,1.71473605,1.4661
2015-10-28 10:33:47,SZ300231,2.02752819,1.7147
2015-10-28 10:33:37,SH600877,0.80186332,0.0
2015-10-28 09:46:36,SZ002242,0.76601089,0.0
2015-10-28 09:38:17,SZ002181,1.29026365,0.0
2015-10-27 14:10:06,SZ002242,0,0.7349
2015-10-27 13:37:01,SH600877,0,0.7869
2015-10-27 10:49:43,SZ002181,0,1.2119
2015-10-27 10:26:20,SZ300231,1.51274122,1.8004
2015-10-27 10:22:21,SZ002594,1.29923302,0.0
2015-10-26 14:37:10,SZ300231,0,1.49
2015-10-26 11:18:11,SZ002594,0,1.3055
2015-10-26 10:06:57,SH600807,0.56078046,0.0
2015-10-26 09:58:04,SZ000705,1.1413874,0.7944
2015-10-26 09:38:35,SZ002168,1.03286023,0.0
2015-10-26 09:31:38,SZ002168,1.59437629,1.0329
2015-10-23 14:26:00,SH600807,0,1.1574
2015-10-23 14:01:49,SZ002168,0,1.5675
2015-10-23 13:22:16,SZ000705,0,1.1509
2015-10-23 11:01:02,SZ002230,0.92230986,0.046
2015-10-23 10:41:17,SZ002230,1.39513434,0.9223
2015-10-23 10:39:10,SZ002256,0.55265654,0.0
2015-10-23 10:36:05,SZ002256,1.2017909,0.5527
2015-10-23 10:32:50,SZ002494,0.04610061,0.0
2015-10-22 14:34:00,SZ002256,0,1.1278
2015-10-22 14:17:28,SZ002230,0,1.3759
2015-10-22 11:05:40,SZ300231,0,1.0747
2015-10-22 10:41:19,SZ002494,0.2237946,0.0448
2015-10-22 10:32:30,SZ002494,0.5372477,0.2238
2015-10-22 10:26:55,SZ002494,0.80481027,0.5372
2015-10-22 09:53:13,SZ002494,1.0430317,0.8048
2015-10-22 09:52:46,SZ300333,1.31166055,0.2236
2015-10-21 14:56:57,SZ002432,0.45959048,0.0
2015-10-21 14:14:40,SZ300333,0,1.3787
2015-10-21 13:51:38,SZ002432,0.99789782,0.458
2015-10-21 13:11:02,SZ002230,1.20283604,0.0
2015-10-21 10:03:52,SZ002494,0,1.1644
2015-10-20 14:29:11,SZ300114,1.03309416,0.0
2015-10-20 14:19:12,SZ300287,0.41191873,0.0
2015-10-20 13:56:14,SZ300287,1.0989319,0.4119
2015-10-20 13:55:11,SZ300287,1.44873493,1.0989
2015-10-20 13:38:31,SZ002432,0,0.9131
2015-10-20 11:25:45,SZ002230,0,1.1237
2015-10-19 14:01:05,SZ000702,0.94794379,0.0
2015-10-19 13:47:53,SZ300287,0.9008384,1.3971
2015-10-19 13:41:39,SZ300114,0,1.036
2015-10-19 13:25:00,SZ300231,0.53514326,0.0
2015-10-16 14:56:13,SZ000702,0,1.3683
2015-10-16 14:42:30,SZ300002,1.01835453,0.0
2015-10-16 14:29:33,SZ002256,0,1.3618
2015-10-16 14:02:16,SZ300159,0.68096788,0.0
2015-10-16 14:01:58,SZ300159,1.1793357,0.681
2015-10-16 11:28:30,SZ300159,1.48439138,1.1793
2015-10-16 11:27:30,SZ300159,2.01512908,1.4844
2015-10-15 13:58:19,SZ300231,1.289493,0.5267
2015-10-15 13:52:35,SZ300002,0,1.0013
2015-10-15 13:41:59,SZ300159,2.32244744,2.0058
2015-10-15 10:31:43,SZ300159,0.42300908,2.3224
2015-10-15 10:26:44,SZ300159,0.88846217,0.423
2015-10-15 10:12:44,SZ300159,1.26233436,0.8885
2015-10-15 10:01:53,SZ000070,1.30763247,0.0
2015-10-14 10:12:51,SZ000070,0,1.3076
2015-10-13 13:46:38,SZ300231,0,1.2548
2015-10-13 11:21:47,SZ300159,1.05592702,1.2616
2015-10-13 10:49:16,SZ002325,0.42145909,0.0
2015-10-13 10:40:51,SZ002023,1.26558381,0.8008
2015-10-13 10:35:18,SZ002325,1.80196199,0.9289
2015-10-13 10:01:11,SZ300159,0,1.0363
2015-10-12 14:33:10,SZ002325,1.31000248,1.8048
2015-10-12 14:13:25,SZ002325,0,1.31
2015-10-12 13:13:55,SZ002023,0,1.2324
2015-10-12 10:29:50,SZ000558,0.41054249,0.0411
2015-10-12 10:19:10,SH601166,0.03920064,0.0
2015-10-12 10:17:07,SZ000558,1.68753307,0.9037
2015-10-12 10:06:44,SZ000558,2.01774346,1.6875
2015-10-12 10:02:57,SZ000558,2.50762614,2.0177
2015-10-12 10:01:33,SZ002230,1.00459832,0.0
2015-10-09 14:49:11,SZ002230,0,1.0046
2015-10-09 14:15:51,SZ000558,1.69477568,2.3739
2015-10-09 14:03:10,SZ000558,1.41643634,1.6948
2015-10-09 13:57:49,SZ000558,0.78766571,1.4164
2015-10-09 13:50:25,SZ000558,0,0.7877
2015-10-09 09:55:22,SZ002439,1.2127009,0.0
2015-10-08 14:33:31,SZ002439,0,1.2127
2015-10-08 09:30:50,SH601166,0.79256034,0.0391
2015-10-08 09:30:32,SH600000,0.03869532,0.0
2015-09-30 10:20:51,SH600030,0.76346099,1.1094
2015-09-30 10:19:50,SH601166,0,0.7635
2015-09-30 09:43:35,SH600000,0.22900808,0.0382
2015-09-30 09:39:39,SH600000,0.53444604,0.229
2015-09-30 09:38:02,SH600000,0.99248667,0.5344
2015-09-30 09:35:55,SH600872,0.26736603,0.0
2015-09-30 09:35:24,SH600872,0.57138752,0.2674
2015-09-29 14:59:58,SH600000,1.93803382,0.9931
2015-09-29 14:41:29,SH600872,0.4557315,0.5706
2015-09-29 14:39:54,SH600872,0,0.4557
2015-09-29 14:38:08,SH600000,1.78264848,1.9344
2015-09-29 14:17:32,SH600000,1.55305611,1.7826
2015-09-29 14:16:21,SH600000,1.13508111,1.5531
2015-09-29 14:12:58,SH600000,0.97317575,1.1351
2015-09-29 10:58:39,SZ300208,0.57244613,0.0
2015-09-29 10:51:17,SH600873,0.03587914,0.0
2015-09-29 10:46:31,SZ300245,0.80753276,0.3031
2015-09-29 10:46:16,SZ300208,1.6206772,0.5681
2015-09-28 14:36:04,SZ300208,1.00059941,1.6207
2015-09-28 10:48:39,SZ300208,0,1.0006
2015-09-28 10:21:43,SZ300245,0,0.7654
2015-09-25 14:52:30,SH600000,0,0.9572
2015-09-25 10:14:14,SZ002410,1.10839673,0.0
2015-09-24 14:43:34,SZ002410,0.57217323,1.1084
2015-09-24 14:29:53,SZ002410,0.38164208,0.5722
2015-09-24 14:01:14,SZ002410,0,0.3816
2015-09-24 10:18:55,SH600873,1.03205999,0.0382
2015-09-23 14:12:28,SH600760,0,0.7583
2015-09-23 10:31:24,SZ000547,0.03686616,0.0
2015-09-22 14:01:55,SZ002024,0,0.1894
2015-09-22 13:31:33,SH600873,0.75610559,1.0238
2015-09-22 13:21:39,SH600873,0,0.7561
2015-09-22 10:16:28,SZ000547,0.74226303,0.0378
2015-09-22 09:50:16,SZ300159,0.41489031,0.0
2015-09-22 09:47:52,SZ300159,0.98118367,0.4149
2015-09-22 09:42:33,SZ300159,1.28129639,0.9812
2015-09-21 14:21:33,SZ000547,0,0.7027
2015-09-21 14:14:36,SZ300159,1.1079813,1.3016
2015-09-21 13:57:20,SZ300159,0.9103879,1.108
2015-09-21 13:43:17,SH600712,0.2581428,0.0
2015-09-21 13:40:39,SH600712,0.6290425,0.2581
2015-09-21 13:33:18,SZ300088,0.18223528,0.0
2015-09-21 13:32:13,SZ300077,0.91989607,0.0
2015-09-21 13:28:57,SH600712,1.10088699,0.629
2015-09-21 13:27:14,SZ300088,0.33426656,0.1854
2015-09-21 13:23:14,SZ300088,0.73048255,0.3343
2015-09-21 11:15:43,SZ300159,0.72520364,0.906
2015-09-21 11:12:23,SH600712,1.27415366,1.0958
2015-09-21 11:09:01,SZ300159,0,0.7258
2015-09-21 09:32:13,SZ300088,0.71276079,0.7037
2015-09-18 14:38:51,SZ300088,0.51258463,0.7128
2015-09-18 14:30:11,SH600712,1.11016326,1.4414
2015-09-18 11:02:51,SH600712,0,1.1102
2015-09-17 14:03:06,SZ300077,0,0.8847
2015-09-17 13:42:09,SZ300088,0,0.5297
2015-09-17 13:37:41,SZ300104,1.31144774,0.0
2015-09-17 13:29:48,SH601628,0.03350819,0.0354
2015-09-16 14:18:13,SZ002609,0,0.5127
2015-09-16 10:03:36,SZ300104,0.88054594,1.23
2015-09-16 09:35:33,SZ300104,0,0.8805
2015-09-15 14:59:31,SZ002580,0.19080469,0.0
2015-09-14 14:50:17,SH601628,1.24866587,1.6941
2015-09-14 14:01:09,SH601628,0.85131293,1.2487
2015-09-14 13:20:39,SH600016,0,0.9455
2015-09-14 13:10:35,SH601628,0,0.8468
2015-09-14 11:18:01,SZ002580,0.3592501,0.1956
2015-09-14 11:16:45,SZ002580,0.65460965,0.3593
2015-09-14 11:09:27,SZ002580,1.11489172,0.6546
2015-09-14 10:19:21,SZ002580,1.31460147,1.1149
2015-09-14 10:18:55,SZ002175,0.03316144,0.0
2015-09-11 14:30:49,SZ300104,0,0.4992
2015-09-11 14:22:20,SZ002580,0.72967235,1.3279
2015-09-11 14:21:41,SZ002580,0.33167482,0.7297
2015-09-11 14:20:36,SZ002580,0,0.3317
2015-09-11 13:37:09,SZ002175,0.4975917,0.0332
2015-09-11 13:33:41,SZ002175,0.89598745,0.4976
2015-09-11 11:22:33,SZ002175,1.16133006,0.896
2015-09-11 11:04:59,SZ002175,1.40324783,1.1613
2015-09-11 11:03:01,SZ300226,0.03364196,0.0
2015-09-10 10:28:02,SZ000627,0,0.6982
2015-09-09 14:36:18,SZ002175,0.88679562,1.3535
2015-09-09 14:34:42,SZ002175,0,0.8868
2015-09-09 13:43:24,SH600963,0.16419867,0.0
2015-09-09 13:38:47,SH600963,0.49331315,0.1642
2015-09-09 13:20:22,SH600963,1.12801927,0.4933
2015-09-09 10:51:32,SH600963,1.3238521,1.128
2015-09-09 10:42:24,SH600963,1.5540111,1.3239
2015-09-08 13:43:01,SH600963,1.04656137,1.554
2015-09-08 13:35:22,SH600963,0.82330079,1.0466
2015-09-08 13:21:41,SH600963,0.31633464,0.8233
2015-09-08 13:11:17,SH600963,0,0.3163
2015-09-07 13:28:54,SZ300226,0.09498038,0.0317
2015-09-07 09:46:07,SZ300226,0.34356566,0.095
2015-09-07 09:39:41,SZ002223,0.62278976,0.0
2015-09-02 11:29:39,SZ002223,0,0.6228
2015-09-02 10:22:28,SH601628,0.06034821,0.0
2015-09-02 10:22:16,SZ300226,0,0.31
2015-09-01 14:56:49,SZ002142,1.04107104,0.0
2015-08-31 14:03:42,SZ000027,0,0.9005
2015-08-31 13:52:02,SZ002142,0.67572581,1.036
2015-08-31 13:28:48,SZ002142,0,0.6757
2015-08-31 13:22:54,SH601628,0,0.9935
2015-08-31 13:17:14,SZ000836,0.2339223,0.0292
2015-08-31 13:16:31,SZ000836,0.46831911,0.2339
2015-08-31 13:10:41,SZ000836,1.05491608,0.4683
2015-08-31 13:10:19,SZ002583,0.02019953,0.0
2015-08-31 11:01:09,SZ000836,1.69258432,1.4482
2015-08-31 10:56:56,SZ002501,1.21163635,0.0
2015-08-28 14:42:54,SZ000836,0,1.6397
2015-08-28 13:58:23,SZ002501,1.02711178,1.2012
2015-08-28 13:58:04,SZ002501,0.73731502,1.0271
2015-08-28 13:13:36,SZ002501,0,0.7373
2015-08-28 10:22:59,SH600183,0.51138666,0.0
2015-08-28 10:10:27,SH601628,1.27358964,0.483
2015-08-27 14:36:41,SH600183,0,1.4194
2015-08-27 14:23:12,SH601628,0,1.2246
2015-08-20 10:34:45,SH600545,2.34112707,0.0
2015-08-19 09:57:39,SH600545,0,2.3411
2015-08-18 10:37:43,SZ002583,2.14569972,0.0236
2015-08-07 09:55:09,SZ002583,1.59495666,2.1457
2015-08-07 09:46:24,SZ002583,1.20764336,1.595
2015-08-07 09:45:28,SZ002583,0.61402402,1.2076
2015-08-07 09:44:23,SZ002583,0.02115192,0.614
2015-08-05 10:53:32,SZ002583,0.6992647,0.0212
2015-08-05 10:41:06,SH600522,0.6594184,0.0
2015-08-04 10:15:19,SZ002583,0,1.2988
2015-07-31 10:02:31,SH600522,0.01938447,0.6397
2015-07-30 13:03:19,SH600466,0.95983596,0.0
2015-07-24 14:53:14,SH600522,0,1.035
2015-07-23 14:18:57,SZ002050,0,1.0735
2015-07-23 13:48:56,SZ000785,1.00932828,0.0
2015-07-23 09:59:03,SH600466,0,0.9699
2015-07-22 14:01:07,SZ000785,0,0.9813
2015-07-21 13:56:53,SZ002396,1.79687503,0.0
2015-07-20 14:12:00,SZ002396,0,1.7969
2015-07-20 10:19:04,SZ002312,1.49991241,0.0
2015-07-15 10:01:37,SZ002312,0,1.4999
2015-07-13 10:27:26,SZ300059,1.23845321,0.0
2015-07-07 14:19:40,SZ300059,0,1.2385
2015-05-21 13:00:43,SH600980,0.12180443,0.0125
2015-04-03 09:32:31,SZ000570,0,0.1182
2015-03-23 09:34:25,SH600119,0.10332719,0.0
2015-03-10 14:18:06,SZ002571,0,0.1036
2015-03-05 13:50:34,SZ002362,0,0.103
2015-03-05 09:31:34,SZ002655,0,0.1027
2015-02-09 09:31:27,SZ002139,0,0.0989
2015-02-03 13:26:49,SZ002394,0,0.1
